File,Class
new_3_384.mat,0.10831932773109246
new_3_67.mat,0.10017916666666668
new_3_148.mat,0.02855416666666667
new_1_95.mat,0.3478767123287671
new_1_17.mat,0.4096666666666667
new_3_418.mat,0.0882875
new_2_903.mat,0.3694875
new_3_621.mat,0.10258333333333332
new_2_402.mat,0.34315833333333334
new_3_548.mat,0.13527083333333334
new_3_670.mat,0.06837083333333334
new_2_239.mat,0.3535672268907563
new_3_542.mat,0.10722916666666667
new_3_37.mat,0.09269166666666667
new_2_255.mat,0.36711440677966106
new_2_329.mat,0.2040795454545454
new_3_561.mat,0.09992916666666665
new_2_298.mat,0.3378428571428571
new_1_5.mat,0.374275
new_2_438.mat,0.29854583333333334
new_2_282.mat,0.299015625
new_3_441.mat,0.018666666666666668
new_2_193.mat,0.34329203539823006
new_2_529.mat,0.3544375
new_2_31.mat,0.3540913043478261
new_2_196.mat,0.366325
new_3_9.mat,0.10023333333333334
new_3_599.mat,0.10446666666666668
new_3_111.mat,0.09403750000000001
new_1_184.mat,0.4
new_3_261.mat,0.08654166666666667
new_3_519.mat,0.06233561643835617
new_2_59.mat,0.3146372549019608
new_3_572.mat,0.032225
new_2_71.mat,0.35638333333333333
new_3_363.mat,0.08150416666666667
new_2_827.mat,0.32412735849056606
new_2_728.mat,0.3724
new_2_636.mat,0.29491666666666666
new_3_358.mat,0.10106666666666667
new_2_472.mat,0.36065
new_2_223.mat,0.31917500000000004
new_2_523.mat,0.28991666666666666
new_3_90.mat,0.08878749999999999
new_3_648.mat,0.11351666666666667
new_2_802.mat,0.34946666666666665
new_2_642.mat,0.34440000000000004
new_3_665.mat,0.09927083333333334
new_3_553.mat,0.0881875
new_3_226.mat,0.0969327731092437
new_2_673.mat,0.30336250000000003
new_2_975.mat,0.3473166666666667
new_2_829.mat,0.37074999999999997
new_2_137.mat,0.3455375
new_3_369.mat,0.03304583333333334
new_2_594.mat,0.3413018018018017
new_2_566.mat,0.3761875
new_3_567.mat,0.10684583333333333
new_1_72.mat,0.0
new_3_143.mat,0.02374583333333334
new_2_692.mat,0.3575041666666667
new_3_258.mat,0.10473333333333334
new_3_644.mat,0.09255000000000001
new_2_880.mat,0.32211818181818186
new_3_598.mat,0.10173333333333331
new_2_746.mat,0.3278958333333334
new_2_622.mat,0.3454875
new_1_67.mat,0.3336486486486486
new_2_933.mat,0.37827083333333333
new_2_11.mat,0.21835416666666665
new_3_604.mat,0.022662500000000006
new_3_43.mat,0.0513375
new_2_217.mat,0.2831722689075631
new_1_51.mat,0.3097291666666667
new_3_371.mat,0.09106666666666667
new_2_481.mat,0.33845833333333336
new_1_60.mat,0.3227083333333333
new_2_542.mat,0.2782958333333333
new_2_965.mat,0.3194464285714286
new_3_521.mat,0.09646666666666667
new_2_526.mat,0.3762708333333334
new_3_686.mat,0.04484583333333334
new_2_485.mat,0.35709166666666664
new_2_716.mat,0.30493750000000003
new_2_712.mat,0.3608291666666667
new_3_415.mat,0.0881875
new_1_11.mat,0.34451666666666664
new_2_9.mat,0.3081694915254237
new_2_737.mat,0.33552916666666666
new_3_93.mat,0.11452083333333334
new_1_112.mat,0.3195625
new_2_668.mat,0.3294666666666667
new_3_585.mat,0.043925000000000006
new_3_370.mat,0.05037916666666667
new_3_279.mat,0.09590948275862071
new_1_28.mat,0.3472416666666666
new_3_174.mat,0.1087935779816514
new_3_294.mat,0.06996250000000001
new_2_429.mat,0.2725818965517241
new_2_742.mat,0.3321965811965812
new_2_667.mat,0.3899083333333333
new_2_643.mat,0.33442916666666667
new_2_895.mat,0.3420833333333333
new_2_405.mat,0.321495283018868
new_2_269.mat,0.34470416666666664
new_2_808.mat,0.340775
new_3_589.mat,0.09087083333333336
new_2_676.mat,0.3859
new_3_390.mat,0.048279166666666665
new_2_752.mat,0.26909051724137933
new_2_705.mat,0.3432110091743119
new_1_186.mat,0.388075
new_2_702.mat,0.3667166666666667
new_2_170.mat,0.37652083333333336
new_2_427.mat,0.3355708333333333
new_2_40.mat,0.24195544554455442
new_2_3.mat,0.3112605042016806
new_3_359.mat,0.12042916666666666
new_1_96.mat,0.335075
new_3_380.mat,0.043274999999999994
new_2_321.mat,0.3393235294117647
new_3_2.mat,0.06470000000000001
new_3_96.mat,0.1083375
new_2_660.mat,0.3511059322033899
new_2_725.mat,0.3431208333333334
new_3_285.mat,0.043054166666666664
new_2_871.mat,0.30707916666666674
new_2_818.mat,0.3293291666666667
new_2_866.mat,0.3570041666666667
new_3_283.mat,0.056275
new_3_480.mat,0.09720416666666667
new_2_287.mat,0.16462962962962965
new_3_671.mat,0.096775
new_3_580.mat,0.10166666666666667
new_2_918.mat,0.3734166666666667
new_2_671.mat,0.37209583333333335
new_3_635.mat,0.0731125
new_2_84.mat,0.3588954545454546
new_1_47.mat,0.35644166666666666
new_3_284.mat,0.09365416666666666
new_1_26.mat,0.3852567567567567
new_3_676.mat,0.09242916666666666
new_1_133.mat,0.3763625
new_2_561.mat,0.37690677966101704
new_3_486.mat,0.07314583333333333
new_3_618.mat,0.035124999999999997
new_3_19.mat,0.039912500000000004
new_1_13.mat,0.0
new_3_249.mat,0.11604583333333333
new_3_142.mat,0.06212083333333333
new_2_541.mat,0.3402041666666667
new_2_262.mat,0.38008333333333333
new_2_466.mat,0.3623374999999999
new_2_317.mat,0.28353750000000005
new_2_125.mat,0.34874157303370784
new_1_80.mat,0.3866708333333333
new_3_520.mat,0.09990833333333334
new_2_324.mat,0.3081833333333333
new_3_537.mat,0.24362068965517242
new_1_212.mat,0.34199583333333333
new_3_14.mat,0.11949576271186442
new_2_957.mat,0.25264864864864867
new_3_471.mat,0.10674583333333333
new_3_372.mat,0.05847083333333334
new_2_710.mat,0.3697833333333333
new_3_653.mat,0.0323
new_2_698.mat,0.37785416666666666
new_2_315.mat,0.32786016949152547
new_2_134.mat,0.1582125
new_2_263.mat,0.3578875
new_3_296.mat,0.10218333333333333
new_2_865.mat,0.32661440677966097
new_2_311.mat,0.36807500000000004
new_2_709.mat,0.3480593220338983
new_2_390.mat,0.3755375
new_3_246.mat,0.10791666666666667
new_1_205.mat,0.37424999999999997
new_3_395.mat,0.08740833333333334
new_3_160.mat,0.11026666666666667
new_3_217.mat,0.042965346534653455
new_2_579.mat,0.35710000000000003
new_3_33.mat,0.0727875
new_3_265.mat,0.11675416666666666
new_2_364.mat,0.3633041666666667
new_2_354.mat,0.36887499999999995
new_3_222.mat,0.13263333333333333
new_3_680.mat,0.04680833333333334
new_3_273.mat,0.065475
new_2_570.mat,0.3276974789915966
new_2_611.mat,0.3720583333333333
new_3_190.mat,0.13297663551401873
new_2_850.mat,0.28997899159663854
new_3_254.mat,0.10722083333333333
new_3_533.mat,0.09839583333333334
new_1_162.mat,0.35088333333333327
new_2_24.mat,0.23831666666666668
new_2_686.mat,0.3254208333333333
new_1_83.mat,0.3690744680851063
new_2_948.mat,0.38350416666666665
new_2_621.mat,0.3819
new_3_30.mat,0.06011666666666667
new_3_453.mat,0.09732083333333334
new_2_276.mat,0.3131291666666666
new_2_550.mat,0.3281991525423729
new_3_398.mat,0.10851666666666666
new_3_46.mat,0.07215833333333334
new_2_747.mat,0.33523043478260867
new_2_720.mat,0.3043375
new_2_82.mat,0.3354583333333333
new_1_131.mat,0.38378125
new_1_3.mat,0.3312708333333333
new_2_588.mat,0.33805288461538463
new_1_200.mat,0.3474541666666667
new_2_8.mat,0.3381291666666667
new_3_151.mat,0.07110416666666668
new_2_755.mat,0.32237179487179485
new_2_614.mat,0.36465
new_2_322.mat,0.1694166666666667
new_3_191.mat,0.06917083333333333
new_2_659.mat,0.30172916666666666
new_3_87.mat,0.08175
new_2_787.mat,0.37601249999999997
new_3_667.mat,0.07711666666666667
new_3_523.mat,0.10732500000000002
new_3_406.mat,0.11159999999999999
new_2_243.mat,0.35352500000000003
new_1_203.mat,0.3500689655172412
new_2_478.mat,0.3658916666666666
new_3_132.mat,0.100575
new_3_233.mat,0.028108333333333336
new_3_470.mat,0.09328124999999998
new_2_355.mat,0.3562
new_2_474.mat,0.36641250000000003
new_3_194.mat,0.08684583333333333
new_2_435.mat,0.31467500000000004
new_2_215.mat,0.32482894736842094
new_2_552.mat,0.32225833333333337
new_3_506.mat,0.04885
new_1_34.mat,0.0
new_3_623.mat,0.101025
new_3_617.mat,0.06846666666666666
new_2_679.mat,0.15653333333333333
new_2_877.mat,0.35935833333333334
new_2_413.mat,0.37025
new_2_794.mat,0.3796083333333334
new_2_985.mat,0.31705
new_3_35.mat,0.11917499999999999
new_2_302.mat,0.34956250000000005
new_2_644.mat,0.38319583333333335
new_1_199.mat,0.3740285714285714
new_2_458.mat,0.19273333333333334
new_2_230.mat,0.3779166666666667
new_2_597.mat,0.31511249999999996
new_3_227.mat,0.10685833333333333
new_2_207.mat,0.37864166666666665
new_3_5.mat,0.07072083333333334
new_3_330.mat,0.14146250000000002
new_1_94.mat,0.35782258064516126
new_2_182.mat,0.3601313559322034
new_2_353.mat,0.3711764705882353
new_2_179.mat,0.35228333333333334
new_2_649.mat,0.37043750000000003
new_3_505.mat,0.06984166666666666
new_3_438.mat,0.09652083333333333
new_2_599.mat,0.3377610619469027
new_2_228.mat,0.34945338983050844
new_2_477.mat,0.3754458333333333
new_2_409.mat,0.3579916666666667
new_1_31.mat,0.34150833333333336
new_2_616.mat,0.3030708333333333
new_3_51.mat,0.02845
new_2_412.mat,0.3676333333333333
new_2_924.mat,0.36455309734513275
new_3_387.mat,0.10565833333333334
new_1_192.mat,0.3235078125
new_2_119.mat,0.27445754716981136
new_2_318.mat,0.37262083333333335
new_2_615.mat,0.36635
new_3_73.mat,0.14091666666666666
new_3_646.mat,0.07236666666666668
new_2_96.mat,0.3657606837606837
new_1_137.mat,0.34261250000000004
new_2_144.mat,0.33005000000000007
new_3_525.mat,0.10154583333333335
new_3_54.mat,0.06200833333333334
new_2_958.mat,0.3625666666666667
new_2_914.mat,0.33931666666666666
new_2_98.mat,0.3657043478260869
new_2_796.mat,0.3337875
new_2_715.mat,0.3750041666666667
new_3_352.mat,0.09115416666666665
new_2_238.mat,0.3509041666666667
new_1_216.mat,0.3425958333333333
new_3_675.mat,0.09892083333333333
new_2_103.mat,0.34176666666666666
new_1_165.mat,0.35714285714285715
new_2_699.mat,0.36769583333333333
new_2_129.mat,0.36487499999999995
new_3_271.mat,0.07738333333333335
new_3_98.mat,0.074975
new_2_872.mat,0.38269583333333335
new_1_36.mat,0.36794086021505384
new_2_381.mat,0.2644142857142857
new_2_740.mat,0.0
new_2_507.mat,0.3441294642857143
new_3_411.mat,0.06701249999999999
new_3_410.mat,0.053883333333333346
new_3_31.mat,0.100825
new_2_591.mat,0.31416949152542367
new_3_28.mat,0.11283333333333333
new_1_195.mat,0.3320583333333333
new_2_19.mat,0.33808750000000004
new_2_840.mat,0.3108125
new_1_159.mat,0.34797500000000003
new_3_230.mat,0.0921625
new_2_410.mat,0.26143750000000004
new_2_434.mat,0.24728235294117648
new_3_430.mat,0.11266250000000001
new_2_531.mat,0.3294166666666667
new_3_329.mat,0.043379166666666656
new_2_331.mat,0.3509201680672268
new_3_342.mat,0.10597916666666667
new_1_61.mat,0.3399625
new_2_966.mat,0.3377149122807017
new_2_367.mat,0.34924999999999995
new_3_434.mat,0.09277083333333333
new_1_145.mat,0.34810714285714284
new_2_551.mat,0.32813333333333333
new_3_286.mat,0.06664166666666667
new_2_891.mat,0.32184166666666664
new_2_362.mat,0.30514351851851845
new_2_582.mat,0.2081625
new_2_462.mat,0.3123125
new_3_69.mat,0.049254166666666675
new_3_559.mat,0.06747916666666667
new_2_1002.mat,0.35680973451327436
new_2_373.mat,0.3057375
new_2_758.mat,0.3466826086956522
new_2_369.mat,0.3071041666666667
new_3_536.mat,0.10874166666666667
new_2_793.mat,0.3522
new_3_164.mat,0.13154583333333333
new_1_23.mat,0.35789473684210527
new_3_639.mat,0.11844166666666668
new_2_56.mat,0.335625
new_3_516.mat,0.024854166666666674
new_2_831.mat,0.37132083333333327
new_1_157.mat,0.33427564102564095
new_2_902.mat,0.34958750000000005
new_2_451.mat,0.26681250000000006
new_2_693.mat,0.3082971698113207
new_2_78.mat,0.3833958333333333
new_3_138.mat,0.09208333333333334
new_2_754.mat,0.33040833333333336
new_2_711.mat,0.3758666666666667
new_2_654.mat,0.3455125
new_1_100.mat,0.3785833333333333
new_2_87.mat,0.35997916666666663
new_2_826.mat,0.37937499999999996
new_3_661.mat,0.12049583333333332
new_3_461.mat,0.0902875
new_3_228.mat,0.047075
new_3_475.mat,0.11110833333333334
new_2_439.mat,0.3547307692307693
new_3_61.mat,0.04526666666666667
new_3_48.mat,0.043054166666666664
new_3_112.mat,0.04932916666666666
new_2_357.mat,0.2716208791208791
new_3_408.mat,0.021883333333333334
new_1_30.mat,0.3486083333333333
new_1_88.mat,0.3210916666666667
new_2_36.mat,0.3091708333333333
new_2_714.mat,0.35364166666666663
new_2_520.mat,0.35054583333333333
new_1_41.mat,0.34023749999999997
new_2_244.mat,0.2805570175438597
new_3_439.mat,0.09876666666666667
new_3_458.mat,0.046675
new_3_583.mat,0.023845833333333337
new_2_209.mat,0.36547899159663866
new_3_139.mat,0.09295833333333332
new_3_530.mat,0.09698333333333335
new_2_890.mat,0.23698750000000002
new_2_309.mat,0.3893458333333334
new_3_52.mat,0.10913333333333333
new_2_628.mat,0.28313445378151264
new_2_772.mat,0.35533333333333333
new_1_136.mat,0.36466129032258066
new_3_632.mat,0.1155593220338983
new_2_502.mat,0.38156666666666667
new_2_589.mat,0.20575000000000002
new_2_893.mat,0.3657083333333333
new_2_494.mat,0.32700833333333335
new_3_668.mat,0.09184166666666667
new_3_331.mat,0.0531125
new_2_617.mat,0.24769333333333335
new_2_806.mat,0.36493333333333333
new_3_1.mat,0.08391666666666667
new_2_383.mat,0.37753749999999997
new_2_55.mat,0.35592499999999994
new_2_845.mat,0.30426136363636364
new_2_575.mat,0.360275
new_2_484.mat,0.19370238095238096
new_3_293.mat,0.06414583333333333
new_1_16.mat,0.340775
new_2_766.mat,0.31860679611650483
new_2_153.mat,0.278991452991453
new_2_48.mat,0.31927500000000003
new_2_300.mat,0.3434666666666667
new_3_34.mat,0.09313750000000001
new_2_697.mat,0.34743333333333337
new_3_664.mat,0.1519125
new_2_703.mat,0.2942105263157895
new_2_986.mat,0.3371625
new_3_586.mat,0.08533333333333333
new_3_539.mat,0.09952083333333332
new_2_7.mat,0.36085833333333334
new_2_38.mat,0.38040416666666665
new_2_249.mat,0.3549833333333333
new_2_853.mat,0.35653749999999995
new_2_143.mat,0.3807166666666666
new_2_569.mat,0.2747458333333333
new_3_467.mat,0.094125
new_2_50.mat,0.3170125
new_2_89.mat,0.36789166666666673
new_2_548.mat,0.34131092436974786
new_3_309.mat,0.10942083333333333
new_2_960.mat,0.3467708333333333
new_2_411.mat,0.36761666666666665
new_1_123.mat,0.33735
new_1_50.mat,0.3754708333333333
new_3_657.mat,0.10911249999999999
new_3_11.mat,0.04654166666666667
new_2_395.mat,0.18620416666666667
new_2_149.mat,0.37040972222222224
new_2_74.mat,0.30526271186440684
new_3_388.mat,0.027737500000000002
new_2_260.mat,0.3323041666666667
new_3_629.mat,0.09392083333333333
new_2_830.mat,0.2272403846153846
new_2_454.mat,0.25608695652173913
new_1_202.mat,0.36133333333333334
new_2_194.mat,0.33878749999999996
new_3_131.mat,0.11742083333333335
new_2_883.mat,0.30891592920353983
new_1_178.mat,0.3579666666666667
new_3_40.mat,0.10535
new_2_148.mat,0.0
new_2_198.mat,0.3376291666666667
new_2_290.mat,0.2832456140350877
new_3_55.mat,0.04375
new_3_541.mat,0.10261250000000001
new_3_272.mat,0.06305000000000001
new_3_137.mat,0.0751875
new_2_509.mat,0.36609374999999994
new_3_262.mat,0.13581666666666667
new_1_85.mat,0.3511666666666667
new_3_558.mat,0.11826249999999999
new_3_517.mat,0.11121666666666667
new_3_287.mat,0.09069166666666666
new_2_911.mat,0.35880416666666665
new_2_961.mat,0.27085514018691587
new_2_72.mat,0.20350000000000001
new_2_25.mat,0.17633333333333334
new_2_749.mat,0.3426428571428572
new_3_578.mat,0.04070833333333333
new_2_188.mat,0.23615416666666667
new_1_74.mat,0.34480000000000005
new_2_952.mat,0.29692342342342337
new_3_534.mat,0.03289583333333333
new_2_349.mat,0.2695639534883721
new_2_518.mat,0.35941249999999997
new_3_547.mat,0.10064583333333334
new_2_270.mat,0.2935208333333333
new_3_630.mat,0.08995
new_2_981.mat,0.3715
new_2_537.mat,0.25619411764705885
new_2_669.mat,0.29150840336134454
new_2_984.mat,0.2494722222222222
new_1_73.mat,0.34641249999999996
new_2_525.mat,0.35089166666666666
new_3_88.mat,0.08727083333333334
new_2_164.mat,0.3738458333333333
new_3_12.mat,0.04380416666666667
new_2_146.mat,0.35931250000000003
new_2_769.mat,0.3702375
new_3_45.mat,0.054662499999999996
new_2_17.mat,0.3299322033898305
new_2_254.mat,0.3496916666666667
new_1_21.mat,0.411
new_3_432.mat,0.10235833333333333
new_2_521.mat,0.31906722689075623
new_1_99.mat,0.32353571428571426
new_3_189.mat,0.09058333333333334
new_2_328.mat,0.28357758620689666
new_3_381.mat,0.09755000000000001
new_3_260.mat,0.06534999999999999
new_1_53.mat,0.32279583333333334
new_2_743.mat,0.35786666666666667
new_2_488.mat,0.37007500000000004
new_3_95.mat,0.09444583333333334
new_2_221.mat,0.3289666666666667
new_2_384.mat,0.33322935779816515
new_3_545.mat,0.13272083333333332
new_3_594.mat,0.1984718309859155
new_3_641.mat,0.04388333333333334
new_2_535.mat,0.3614375
new_2_824.mat,0.36815833333333337
new_2_944.mat,0.28604487179487187
new_3_184.mat,0.13877499999999998
new_3_199.mat,0.06778750000000001
new_2_821.mat,0.2981197183098591
new_2_917.mat,0.37875833333333336
new_1_213.mat,0.3610791666666666
new_2_475.mat,0.27665517241379306
new_2_807.mat,0.3712227722772277
new_3_321.mat,0.06831666666666666
new_3_448.mat,0.09712916666666667
new_2_604.mat,0.3651125
new_3_535.mat,0.07889583333333335
new_3_682.mat,0.02635416666666667
new_3_674.mat,0.06634999999999999
new_3_340.mat,0.09505833333333333
new_2_166.mat,0.30231250000000004
new_2_337.mat,0.28596666666666665
new_3_472.mat,0.10905416666666667
new_2_460.mat,0.29147899159663865
new_2_549.mat,0.28171551724137933
new_3_219.mat,0.13046153846153843
new_3_212.mat,0.07349166666666666
new_2_580.mat,0.32352499999999995
new_2_420.mat,0.0
new_1_156.mat,0.34880416666666664
new_2_334.mat,0.37856249999999997
new_3_565.mat,0.10685833333333333
new_2_554.mat,0.294139175257732
new_3_235.mat,0.11387790697674419
new_3_310.mat,0.08862916666666668
new_2_288.mat,0.22288690476190476
new_3_383.mat,0.09655833333333333
new_3_282.mat,0.10123750000000001
new_1_191.mat,0.33726562499999996
new_3_353.mat,0.106125
new_2_333.mat,0.34184583333333335
new_1_44.mat,0.3837291666666667
new_2_672.mat,0.37152521008403355
new_2_496.mat,0.35392083333333335
new_3_627.mat,0.07195833333333332
new_2_138.mat,0.3434075630252101
new_2_606.mat,0.17030416666666667
new_2_168.mat,0.3389416666666667
new_1_79.mat,0.37215686274509807
new_3_303.mat,0.11745299145299144
new_2_666.mat,0.32314830508474574
new_2_141.mat,0.29187083333333336
new_2_879.mat,0.35659583333333333
new_3_338.mat,0.0350125
new_3_105.mat,0.05230833333333333
new_3_171.mat,0.10855833333333333
new_3_491.mat,0.09970416666666668
new_2_920.mat,0.28207916666666666
new_2_801.mat,0.3005043103448276
new_2_173.mat,0.37089320388349506
new_3_275.mat,0.029966666666666673
new_2_954.mat,0.3595416666666667
new_3_341.mat,0.11962083333333334
new_2_969.mat,0.3638008849557522
new_2_431.mat,0.3637208333333334
new_3_607.mat,0.03483333333333334
new_2_77.mat,0.35635
new_3_428.mat,0.10265833333333332
new_3_13.mat,0.07092436974789915
new_1_1.mat,0.372
new_2_147.mat,0.24679166666666663
new_2_457.mat,0.33317857142857144
new_2_377.mat,0.30797272727272734
new_2_370.mat,0.3463416666666666
new_3_487.mat,0.10195833333333333
new_2_820.mat,0.35589743589743594
new_2_371.mat,0.32407499999999995
new_3_169.mat,0.05335
new_3_608.mat,0.10150416666666667
new_2_751.mat,0.15848750000000003
new_2_913.mat,0.3628666666666666
new_1_15.mat,0.3562897196261682
new_2_563.mat,0.3555375
new_3_135.mat,0.10508333333333333
new_2_994.mat,0.34800000000000003
new_3_165.mat,0.03671666666666667
new_3_195.mat,0.04422916666666667
new_3_679.mat,0.05580833333333333
new_2_838.mat,0.3318018018018018
new_2_436.mat,0.35097500000000004
new_3_288.mat,0.03915833333333333
new_2_921.mat,0.3312625
new_3_255.mat,0.03409583333333333
new_2_232.mat,0.34223333333333333
new_2_339.mat,0.3273916666666667
new_3_236.mat,0.09412083333333333
new_2_992.mat,0.3599833333333333
new_3_382.mat,0.10352083333333333
new_3_427.mat,0.10088333333333331
new_1_107.mat,0.354775
new_2_13.mat,0.3423262711864407
new_2_22.mat,0.34227916666666663
new_3_616.mat,0.0647
new_2_629.mat,0.35881250000000003
new_3_481.mat,0.056912500000000005
new_1_37.mat,0.33675
new_3_326.mat,0.0445
new_2_307.mat,0.3841875
new_3_178.mat,0.1017875
new_2_848.mat,0.2193625
new_2_657.mat,0.23491911764705883
new_2_730.mat,0.3072173913043479
new_2_978.mat,0.33831249999999996
new_2_403.mat,0.35158750000000005
new_3_479.mat,0.11647916666666668
new_2_441.mat,0.3801708333333333
new_2_225.mat,0.3875625
new_3_334.mat,0.10229166666666668
new_2_492.mat,0.24318333333333336
new_3_678.mat,0.0960811965811966
new_2_681.mat,0.37567500000000004
new_2_245.mat,0.3470092592592593
new_3_125.mat,0.10179166666666667
new_2_109.mat,0.3085670103092783
new_3_328.mat,0.10037083333333333
new_2_735.mat,0.36378813559322026
new_1_65.mat,0.3330708333333333
new_2_2.mat,0.2560625
new_3_339.mat,0.10323333333333332
new_2_823.mat,0.2748541666666667
new_3_53.mat,0.10452083333333334
new_2_117.mat,0.3564041666666667
new_3_436.mat,0.07189166666666666
new_2_648.mat,0.37990416666666665
new_2_241.mat,0.21837916666666668
new_1_70.mat,0.3334279279279279
new_3_367.mat,0.10647899159663865
new_3_421.mat,0.07834583333333334
new_3_251.mat,0.10843333333333334
new_3_493.mat,0.12410106382978725
new_3_609.mat,0.08025833333333333
new_2_744.mat,0.327865
new_2_107.mat,0.2361625
new_2_199.mat,0.35195000000000004
new_3_16.mat,0.020212500000000005
new_2_169.mat,0.33972083333333336
new_2_303.mat,0.37272083333333333
new_3_433.mat,0.11035393258426966
new_3_351.mat,0.099375
new_3_596.mat,0.10235416666666668
new_3_462.mat,0.054954166666666665
new_2_896.mat,0.31845
new_3_82.mat,0.02880833333333334
new_2_52.mat,0.34918067226890753
new_3_496.mat,0.03457916666666667
new_2_979.mat,0.37474166666666664
new_2_15.mat,0.37747083333333337
new_2_942.mat,0.3657
new_2_127.mat,0.32623333333333343
new_1_143.mat,0.3309958333333333
new_2_741.mat,0.30934579439252335
new_3_457.mat,0.08779166666666667
new_2_854.mat,0.36199583333333335
new_1_39.mat,0.39271428571428574
new_1_97.mat,0.33484583333333334
new_1_118.mat,0.34309999999999996
new_2_246.mat,0.3242375
new_2_152.mat,0.33657916666666665
new_3_77.mat,0.12041666666666666
new_1_147.mat,0.0
new_3_108.mat,0.045033333333333335
new_2_83.mat,0.2740840336134454
new_2_707.mat,0.3378125
new_2_158.mat,0.39219583333333335
new_3_483.mat,0.08820833333333335
new_3_385.mat,0.1056625
new_3_64.mat,0.10377916666666667
new_2_214.mat,0.32814166666666666
new_3_269.mat,0.059470833333333334
new_2_73.mat,0.3447401960784313
new_2_650.mat,0.34100420168067236
new_2_455.mat,0.3450416666666667
new_2_631.mat,0.3348625
new_3_515.mat,0.10978333333333333
new_2_171.mat,0.3718208333333333
new_2_187.mat,0.338375
new_1_187.mat,0.3409375
new_1_93.mat,0.34922916666666665
new_2_568.mat,0.3050689655172414
new_2_996.mat,0.20695833333333333
new_2_596.mat,0.2988660714285714
new_3_550.mat,0.05766249999999999
new_2_786.mat,0.3561916666666667
new_2_894.mat,0.35234166666666666
new_1_153.mat,0.35800000000000004
new_2_111.mat,0.35404583333333334
new_2_633.mat,0.27875
new_2_842.mat,0.33822500000000005
new_2_691.mat,0.34759999999999996
new_2_396.mat,0.3110583333333333
new_3_655.mat,0.037187500000000005
new_1_129.mat,0.3483291666666667
new_2_162.mat,0.373025
new_2_833.mat,0.3388
new_2_962.mat,0.3127641509433962
new_2_145.mat,0.3661875
new_1_214.mat,0.31891089108910886
new_1_105.mat,0.3788138297872341
new_1_90.mat,0.31153333333333333
new_3_642.mat,0.07758749999999999
new_1_169.mat,0.3445666666666666
new_2_102.mat,0.35964583333333333
new_3_281.mat,0.04278333333333333
new_2_945.mat,0.33309583333333337
new_3_600.mat,0.10573333333333332
new_2_185.mat,0.3520666666666667
new_1_119.mat,0.3660208333333334
new_2_929.mat,0.34160504201680664
new_2_94.mat,0.0
new_3_402.mat,0.11067500000000001
new_1_81.mat,0.3327791666666666
new_3_197.mat,0.11486818181818184
new_3_181.mat,0.10290833333333332
new_3_631.mat,0.119925
new_3_29.mat,0.06658750000000001
new_2_695.mat,0.329
new_2_275.mat,0.21321739130434783
new_3_413.mat,0.08474166666666666
new_3_357.mat,0.035312500000000004
new_2_530.mat,0.33489080459770115
new_1_198.mat,0.3308708333333333
new_1_10.mat,0.3927083333333334
new_2_761.mat,0.3723583333333334
new_1_206.mat,0.3518875
new_1_101.mat,0.3617265625
new_2_172.mat,0.3597068965517241
new_2_585.mat,0.36760593220338983
new_3_324.mat,0.14386419753086419
new_2_558.mat,0.3391583333333334
new_3_224.mat,0.11226666666666668
new_2_987.mat,0.3354764150943397
new_2_233.mat,0.3256798245614035
new_2_511.mat,0.32684583333333334
new_2_419.mat,0.3639708333333333
new_2_222.mat,0.37112946428571425
new_2_770.mat,0.34132500000000005
new_1_59.mat,0.3345208333333333
new_2_389.mat,0.3592208333333334
new_1_127.mat,0.3519375
new_3_490.mat,0.10744166666666667
new_2_706.mat,0.29139823008849564
new_3_159.mat,0.11137083333333334
new_2_247.mat,0.3592541666666667
new_2_953.mat,0.3689041666666667
new_3_636.mat,0.10810416666666667
new_1_40.mat,0.32270416666666674
new_3_488.mat,0.0564875
new_3_245.mat,0.03985833333333333
new_3_300.mat,0.087625
new_3_200.mat,0.10791666666666666
new_2_678.mat,0.3177791666666667
new_2_289.mat,0.3199956521739131
new_3_684.mat,0.10587083333333333
new_3_673.mat,0.048679166666666676
new_2_327.mat,0.3305142857142857
new_2_875.mat,0.34884583333333335
new_2_540.mat,0.35686249999999997
new_2_937.mat,0.3263875
new_2_267.mat,0.36169999999999997
new_1_209.mat,0.0
new_3_193.mat,0.0971625
new_2_178.mat,0.20591071428571425
new_1_208.mat,0.328425
new_2_66.mat,0.32212288135593226
new_2_229.mat,0.31750854700854697
new_2_205.mat,0.3675508474576271
new_1_148.mat,0.3443375
new_2_886.mat,0.35729583333333337
new_2_91.mat,0.35819827586206904
new_2_356.mat,0.3305208333333333
new_3_573.mat,0.10272500000000001
new_2_500.mat,0.328575
new_2_425.mat,0.3380666666666666
new_2_212.mat,0.3750291666666667
new_3_459.mat,0.11080416666666668
new_3_495.mat,0.0994125
new_3_522.mat,0.10990416666666668
new_2_495.mat,0.37962083333333335
new_3_625.mat,0.041612500000000004
new_2_704.mat,0.37325833333333336
new_3_492.mat,0.11953333333333334
new_3_297.mat,0.10611875
new_2_708.mat,0.37038333333333334
new_2_415.mat,0.3159831932773109
new_3_514.mat,0.09980416666666665
new_2_292.mat,0.2311416666666667
new_3_602.mat,0.07378750000000002
new_1_120.mat,0.3593
new_2_251.mat,0.3413761467889907
new_3_524.mat,0.09081666666666667
new_2_4.mat,0.352546218487395
new_2_532.mat,0.3263541666666666
new_3_305.mat,0.09020416666666667
new_2_20.mat,0.35692083333333335
new_3_513.mat,0.10067083333333333
new_2_452.mat,0.3684
new_1_204.mat,0.36629237288135597
new_2_365.mat,0.32415416666666663
new_2_456.mat,0.17832773109243694
new_3_392.mat,0.04473333333333333
new_1_115.mat,0.3391125
new_2_376.mat,0.28892920353982304
new_3_652.mat,0.04129583333333333
new_2_998.mat,0.23149999999999996
new_2_855.mat,0.30825
new_3_595.mat,0.07606666666666667
new_2_101.mat,0.31240909090909086
new_3_356.mat,0.04634166666666666
new_2_342.mat,0.34441249999999995
new_2_220.mat,0.3218916666666667
new_2_308.mat,0.3776083333333334
new_3_364.mat,0.1027375
new_3_564.mat,0.09597916666666666
new_2_859.mat,0.2179875
new_3_72.mat,0.10639166666666666
new_3_263.mat,0.10679999999999999
new_3_518.mat,0.09425833333333333
new_3_405.mat,0.09437083333333333
new_2_515.mat,0.26114166666666666
new_2_53.mat,0.35564999999999997
new_1_45.mat,0.392
new_2_577.mat,0.31419327731092433
new_3_508.mat,0.11208898305084745
new_3_103.mat,0.08887916666666665
new_3_638.mat,0.04532083333333334
new_1_164.mat,0.34317916666666665
new_2_286.mat,0.34500442477876103
new_3_10.mat,0.10000416666666667
new_1_43.mat,0.32717500000000005
new_3_562.mat,0.08956666666666667
new_2_927.mat,0.3453441558441558
new_3_20.mat,0.09422499999999999
new_2_634.mat,0.3469083333333334
new_3_66.mat,0.10478333333333333
new_2_983.mat,0.3200102040816326
new_2_800.mat,0.3410420168067226
new_2_605.mat,0.3432833333333333
new_3_645.mat,0.120175
new_2_44.mat,0.373075
new_2_304.mat,0.3498416666666666
new_2_301.mat,0.33776724137931036
new_2_336.mat,0.15527083333333333
new_3_603.mat,0.11110416666666666
new_3_21.mat,0.32530000000000003
new_1_24.mat,0.35221666666666657
new_1_62.mat,0.33080459770114945
new_2_450.mat,0.3797541666666666
new_2_947.mat,0.21685
new_2_645.mat,0.2926238532110092
new_3_113.mat,0.07035833333333333
new_2_724.mat,0.22244166666666668
new_1_140.mat,0.34257499999999996
new_3_373.mat,0.0211125
new_3_248.mat,0.10854583333333334
new_3_175.mat,0.08157916666666667
new_3_560.mat,0.15613749999999998
new_2_314.mat,0.35563333333333336
new_2_630.mat,0.33632500000000004
new_3_478.mat,0.03859583333333334
new_3_662.mat,0.08395416666666668
new_2_195.mat,0.15905
new_3_362.mat,0.03862916666666667
new_1_121.mat,0.33446250000000005
new_3_687.mat,0.03094583333333334
new_2_6.mat,0.3337583333333333
new_2_32.mat,0.34744583333333334
new_1_155.mat,0.34639583333333335
new_2_923.mat,0.33834166666666665
new_1_128.mat,0.38347692307692305
new_3_83.mat,0.09925
new_3_429.mat,0.07883333333333334
new_3_672.mat,0.026891666666666668
new_2_330.mat,0.35992372881355944
new_3_218.mat,0.06607083333333333
new_2_442.mat,0.346975
new_1_108.mat,0.39356521739130423
new_2_834.mat,0.32085204081632657
new_3_416.mat,0.035741666666666665
new_3_414.mat,0.09686666666666667
new_3_407.mat,0.048329166666666666
new_3_681.mat,0.043583333333333335
new_2_206.mat,0.2914532710280374
new_2_432.mat,0.36357391304347825
new_2_114.mat,0.344425
new_2_156.mat,0.3303750000000001
new_2_408.mat,0.19828333333333337
new_3_669.mat,0.08845535714285714
new_3_209.mat,0.093825
new_2_467.mat,0.2919010416666667
new_3_168.mat,0.07579166666666667
new_3_4.mat,0.054599999999999996
new_2_43.mat,0.3465
new_3_149.mat,0.08412499999999999
new_2_653.mat,0.30779385964912276
new_2_34.mat,0.34646250000000006
new_3_201.mat,0.0974125
new_3_102.mat,0.03781666666666667
new_3_469.mat,0.11140833333333333
new_3_361.mat,0.10854166666666668
new_2_701.mat,0.3123208333333333
new_3_440.mat,0.04190000000000001
new_3_689.mat,0.06892916666666667
new_3_170.mat,0.046558333333333334
new_3_651.mat,0.04738333333333333
new_2_116.mat,0.361175
new_3_391.mat,0.09487083333333333
new_2_899.mat,0.32948255813953486
new_3_276.mat,0.031954166666666665
new_1_7.mat,0.0
new_2_867.mat,0.36952500000000005
new_1_76.mat,0.34177916666666663
new_2_47.mat,0.36056666666666665
new_3_122.mat,0.0787875
new_3_145.mat,0.09985416666666665
new_3_270.mat,0.10006666666666666
new_2_882.mat,0.34596666666666664
new_2_504.mat,0.35115416666666666
new_1_189.mat,0.3357875
new_3_206.mat,0.051345833333333334
new_3_400.mat,0.1087
new_3_543.mat,0.09943750000000001
new_2_280.mat,0.3155083333333334
new_3_153.mat,0.10810416666666667
new_2_784.mat,0.35208333333333336
new_2_682.mat,0.37424999999999997
new_2_915.mat,0.2981416666666667
new_2_231.mat,0.3030583333333334
new_3_442.mat,0.1150875
new_2_844.mat,0.3294125
new_2_836.mat,0.3247875
new_3_365.mat,0.0817875
new_3_325.mat,0.06593750000000001
new_3_107.mat,0.050866666666666664
new_2_598.mat,0.3705166666666667
new_2_268.mat,0.3769958333333333
new_1_142.mat,0.3439541666666666
new_3_56.mat,0.10283333333333333
new_3_70.mat,0.11130357142857143
new_2_601.mat,0.3622708333333333
new_3_582.mat,0.1032875
new_3_317.mat,0.08933333333333332
new_3_80.mat,0.09909166666666666
new_2_768.mat,0.36564583333333334
new_2_110.mat,0.34355833333333335
new_3_264.mat,0.02430416666666667
new_3_335.mat,0.062308333333333334
new_2_345.mat,0.3745811965811966
new_2_120.mat,0.34441037735849056
new_2_910.mat,0.3687291666666666
new_2_88.mat,0.38085416666666666
new_2_501.mat,0.21849999999999997
new_1_64.mat,0.3618875
new_2_180.mat,0.3583603603603603
new_3_244.mat,0.02748333333333334
new_3_683.mat,0.13109583333333333
new_2_284.mat,0.359275
new_1_149.mat,0.3336625
new_2_785.mat,0.3296367521367521
new_2_470.mat,0.34641250000000007
new_2_573.mat,0.36771848739495805
new_2_10.mat,0.36263333333333336
new_2_203.mat,0.3401336206896553
new_2_464.mat,0.3610083333333333
new_2_343.mat,0.3159916666666666
new_2_400.mat,0.17945416666666666
new_2_26.mat,0.0
new_2_623.mat,0.2686982758620689
new_1_166.mat,0.35301249999999995
new_2_58.mat,0.2836666666666667
new_2_841.mat,0.3463833333333334
new_3_211.mat,0.082075
new_3_23.mat,0.09497083333333332
new_2_483.mat,0.36788750000000003
new_3_141.mat,0.038454166666666664
new_3_119.mat,0.04258333333333333
new_3_484.mat,0.09967500000000001
new_2_401.mat,0.2618916666666667
new_2_385.mat,0.3746958333333333
new_2_757.mat,0.3338041666666667
new_1_126.mat,0.38770930232558143
new_3_144.mat,0.0389375
new_2_856.mat,0.2607541666666667
new_3_158.mat,0.10727916666666666
new_2_860.mat,0.3097058823529412
new_2_767.mat,0.36048749999999996
new_2_852.mat,0.1711125
new_2_174.mat,0.3068695652173913
new_3_348.mat,0.12443644067796611
new_2_905.mat,0.3422
new_2_189.mat,0.3805458333333333
new_3_431.mat,0.03398750000000001
new_3_498.mat,0.03777916666666667
new_3_587.mat,0.04804545454545454
new_1_150.mat,0.32950416666666665
new_2_316.mat,0.36085833333333334
new_3_366.mat,0.030383333333333335
new_2_465.mat,0.3096291666666667
new_3_482.mat,0.08507916666666666
new_2_204.mat,0.2707625
new_2_305.mat,0.3338291666666667
new_1_141.mat,0.339825
new_2_440.mat,0.3210733944954129
new_2_65.mat,0.30471848739495805
new_2_240.mat,0.33935
new_2_123.mat,0.3195049504950495
new_2_226.mat,0.1968041666666667
new_2_81.mat,0.24192916666666667
new_3_229.mat,0.07863750000000001
new_3_354.mat,0.1070875
new_3_643.mat,0.050604166666666665
new_2_763.mat,0.3485458333333334
new_2_534.mat,0.3096302521008404
new_2_461.mat,0.2334017857142857
new_1_71.mat,0.3471724137931033
new_3_60.mat,0.09721666666666667
new_3_464.mat,0.11306250000000001
new_2_293.mat,0.3562100840336135
new_2_443.mat,0.38343750000000004
new_2_165.mat,0.33672083333333336
new_3_185.mat,0.11028750000000001
new_2_344.mat,0.1749041666666667
new_2_224.mat,0.3494541666666667
new_2_30.mat,0.3188625
new_3_128.mat,0.11691249999999999
new_2_325.mat,0.33555462184873946
new_2_581.mat,0.35214166666666663
new_3_86.mat,0.07618333333333333
new_2_498.mat,0.36119130434782604
new_2_900.mat,0.36692083333333325
new_2_876.mat,0.3451583333333333
new_1_146.mat,0.32349999999999995
new_2_516.mat,0.3428584905660378
new_2_366.mat,0.39694166666666664
new_2_430.mat,0.33330833333333326
new_2_350.mat,0.2949957264957264
new_1_139.mat,0.36090131578947365
new_2_192.mat,0.16634583333333333
new_3_267.mat,0.04271250000000001
new_2_798.mat,0.3355550847457628
new_2_732.mat,0.3624791666666667
new_3_447.mat,0.12908898305084748
new_2_265.mat,0.35582083333333336
new_3_307.mat,0.08135833333333335
new_2_306.mat,0.35840833333333333
new_1_174.mat,0.37176724137931033
new_3_110.mat,0.10152083333333332
new_1_135.mat,0.3531
new_3_109.mat,0.06322083333333334
new_2_989.mat,0.3209747899159663
new_2_851.mat,0.23997916666666666
new_2_792.mat,0.3635833333333333
new_1_193.mat,0.36099152542372875
new_3_551.mat,0.07505
new_2_237.mat,0.28942083333333335
new_3_241.mat,0.05924583333333334
new_2_258.mat,0.33092499999999997
new_2_157.mat,0.38950833333333335
new_3_232.mat,0.047645833333333346
new_2_45.mat,0.3105555555555557
new_2_414.mat,0.3359419642857143
new_2_533.mat,0.32515416666666663
new_3_569.mat,0.10312083333333334
new_1_2.mat,0.33982083333333335
new_2_68.mat,0.35064999999999996
new_3_611.mat,0.0285375
new_2_5.mat,0.3662041666666667
new_2_259.mat,0.2704050632911392
new_1_134.mat,0.3510291666666666
new_2_835.mat,0.37775416666666667
new_3_92.mat,0.024433333333333338
new_3_124.mat,0.16506578947368422
new_2_847.mat,0.37698333333333334
new_3_452.mat,0.0808875
new_1_8.mat,0.345875
new_3_318.mat,0.0772375
new_3_584.mat,0.10737826086956521
new_2_538.mat,0.3541041666666666
new_3_121.mat,0.07675833333333333
new_3_546.mat,0.14264705882352943
new_2_227.mat,0.2321590909090909
new_2_99.mat,0.35744166666666666
new_2_721.mat,0.3283717948717948
new_3_7.mat,0.1397473684210526
new_1_201.mat,0.3514833333333333
new_3_455.mat,0.0209375
new_2_508.mat,0.34039035087719294
new_2_142.mat,0.29362222222222223
new_2_993.mat,0.34718333333333334
new_2_528.mat,0.30714
new_1_211.mat,0.3443166666666667
new_3_688.mat,0.0370125
new_2_62.mat,0.3021947368421053
new_3_157.mat,0.12874603174603175
new_2_774.mat,0.3603125
new_2_51.mat,0.3080871559633027
new_3_63.mat,0.10293749999999999
new_2_131.mat,0.28644166666666665
new_3_277.mat,0.0969875
new_3_62.mat,0.08574999999999999
new_2_177.mat,0.32608050847457637
new_3_126.mat,0.105125
new_2_863.mat,0.35683333333333334
new_3_409.mat,0.0981625
new_1_25.mat,0.3249357798165138
new_1_102.mat,0.35424583333333337
new_2_804.mat,0.34824166666666667
new_1_182.mat,0.3854791666666666
new_3_99.mat,0.048712500000000006
new_2_544.mat,0.29540833333333333
new_3_306.mat,0.09668333333333333
new_3_280.mat,0.08695416666666667
new_3_319.mat,0.11305
new_3_268.mat,0.028933333333333335
new_2_16.mat,0.3522193877551021
new_2_574.mat,0.3673949579831933
new_2_600.mat,0.3071652542372882
new_1_175.mat,0.33315416666666664
new_3_301.mat,0.09396666666666667
new_2_200.mat,0.3672458333333333
new_3_393.mat,0.110975
new_2_261.mat,0.3421166666666667
new_2_951.mat,0.35451271186440686
new_2_213.mat,0.2985833333333333
new_3_612.mat,0.10989583333333333
new_2_281.mat,0.30082916666666665
new_1_91.mat,0.33794166666666664
new_3_579.mat,0.10052916666666666
new_2_473.mat,0.34457203389830515
new_2_285.mat,0.3250124999999999
new_2_997.mat,0.33371666666666666
new_1_32.mat,0.34431578947368413
new_2_593.mat,0.36019999999999996
new_2_976.mat,0.301775
new_2_527.mat,0.3089416666666666
new_2_447.mat,0.3310125
new_2_382.mat,0.34180252100840336
new_2_21.mat,0.33975833333333333
new_3_374.mat,0.043637499999999996
new_2_626.mat,0.3688333333333334
new_3_188.mat,0.09605
new_3_417.mat,0.056758333333333334
new_2_335.mat,0.2393416666666667
new_2_75.mat,0.36661249999999995
new_3_117.mat,0.071275
new_1_197.mat,0.369921052631579
new_2_154.mat,0.34175000000000005
new_1_86.mat,0.36111574074074076
new_2_41.mat,0.34676666666666667
new_2_661.mat,0.2582142857142857
new_3_3.mat,0.10179166666666667
new_2_510.mat,0.38376666666666664
new_2_482.mat,0.28589732142857144
new_3_468.mat,0.05790833333333333
new_3_156.mat,0.1114875
new_2_881.mat,0.16525416666666667
new_3_554.mat,0.1122625
new_3_610.mat,0.04964583333333334
new_2_779.mat,0.3766833333333333
new_3_76.mat,0.029212500000000006
new_2_738.mat,0.35188333333333327
new_3_239.mat,0.04640416666666667
new_3_512.mat,0.0414
new_2_64.mat,0.34424166666666667
new_3_566.mat,0.1171125
new_2_560.mat,0.33474583333333335
new_2_397.mat,0.3577899159663866
new_3_502.mat,0.12291250000000001
new_3_620.mat,0.06875833333333331
new_2_717.mat,0.16168333333333335
new_1_38.mat,0.34050833333333336
new_2_210.mat,0.36645833333333333
new_1_29.mat,0.38349583333333326
new_2_471.mat,0.37135833333333335
new_3_216.mat,0.09968333333333333
new_2_778.mat,0.3372916666666666
new_2_776.mat,0.3626583333333333
new_3_591.mat,0.034725000000000006
new_3_563.mat,0.1133125
new_3_446.mat,0.16608695652173913
new_2_839.mat,0.32020224719101126
new_1_132.mat,0.3536041666666667
new_3_660.mat,0.10155416666666667
new_3_47.mat,0.09373333333333335
new_2_762.mat,0.34426666666666667
new_2_760.mat,0.34323333333333333
new_2_559.mat,0.32054477611940296
new_3_81.mat,0.029516666666666667
new_2_69.mat,0.3072008928571428
new_2_977.mat,0.30865948275862065
new_2_426.mat,0.36247777777777773
new_2_517.mat,0.34836666666666666
new_2_733.mat,0.33223305084745763
new_3_291.mat,0.02957083333333333
new_2_688.mat,0.29542696629213483
new_2_57.mat,0.23173255813953492
new_1_177.mat,0.0
new_2_832.mat,0.3524375
new_2_675.mat,0.33517727272727277
new_1_58.mat,0.3168166666666667
new_2_421.mat,0.3741875
new_3_332.mat,0.11485833333333333
new_2_201.mat,0.3608421052631579
new_3_420.mat,0.093725
new_2_810.mat,0.3429291666666667
new_2_862.mat,0.36435416666666665
new_2_731.mat,0.306593220338983
new_1_168.mat,0.39029729729729734
new_2_635.mat,0.29269327731092437
new_3_601.mat,0.10447083333333332
new_2_491.mat,0.2817541666666667
new_2_437.mat,0.31320833333333337
new_2_418.mat,0.3019767441860465
new_2_346.mat,0.3583474576271186
new_2_813.mat,0.3051067961165048
new_1_179.mat,0.3437916666666667
new_3_172.mat,0.0318375
new_2_256.mat,0.307390756302521
new_2_908.mat,0.3465840336134455
new_3_89.mat,0.05427916666666667
new_3_656.mat,0.07865416666666668
new_2_299.mat,0.3250726495726496
new_3_101.mat,0.10242207792207791
new_3_577.mat,0.06428813559322033
new_2_490.mat,0.38108749999999997
new_1_22.mat,0.38021875
new_1_122.mat,0.38345416666666665
new_3_529.mat,0.12459166666666667
new_2_777.mat,0.39401250000000004
new_1_14.mat,0.32413749999999997
new_3_649.mat,0.084825
new_2_922.mat,0.3173458333333334
new_1_69.mat,0.3416208333333334
new_3_234.mat,0.05103333333333334
new_3_666.mat,0.0548125
new_2_14.mat,0.36694583333333336
new_2_967.mat,0.32428333333333337
new_2_86.mat,0.33378749999999996
new_2_320.mat,0.36467916666666667
new_3_214.mat,0.05905416666666667
new_3_202.mat,0.10280833333333333
new_3_576.mat,0.06695416666666668
new_2_242.mat,0.3496166666666667
new_2_612.mat,0.37465
new_2_817.mat,0.3283378378378378
new_2_971.mat,0.37065
new_2_956.mat,0.3345708333333333
new_3_298.mat,0.09858750000000001
new_2_547.mat,0.34258333333333335
new_2_136.mat,0.3558416666666667
new_3_540.mat,0.10059166666666666
new_3_350.mat,0.04435416666666667
new_2_926.mat,0.30716249999999995
new_3_223.mat,0.10368333333333334
new_2_235.mat,0.3472436974789915
new_1_170.mat,0.3413163265306123
new_2_578.mat,0.33745726495726497
new_3_375.mat,0.10098750000000001
new_1_151.mat,0.3662892156862746
new_2_183.mat,0.331675
new_3_27.mat,0.11076666666666665
new_2_583.mat,0.18195833333333333
new_2_404.mat,0.29276250000000004
new_2_932.mat,0.26200943396226417
new_2_39.mat,0.27547663551401874
new_2_964.mat,0.3390166666666667
new_2_140.mat,0.0
new_2_928.mat,0.279945205479452
new_2_683.mat,0.3375541666666667
new_3_593.mat,0.08778749999999999
new_3_231.mat,0.10142083333333334
new_2_407.mat,0.3619208333333333
new_3_256.mat,0.08671666666666668
new_3_460.mat,0.07454166666666667
new_3_677.mat,0.10967499999999998
new_2_181.mat,0.3374067796610169
new_2_459.mat,0.21193333333333336
new_3_574.mat,0.09857083333333333
new_2_592.mat,0.3676125
new_2_448.mat,0.34974583333333337
new_2_639.mat,0.3663583333333334
new_2_619.mat,0.3446458333333334
new_2_449.mat,0.34902916666666667
new_3_127.mat,0.10607083333333334
new_2_487.mat,0.3500875
new_2_916.mat,0.2748189655172414
new_2_118.mat,0.3199666666666667
new_3_161.mat,0.035195833333333336
new_2_608.mat,0.3545791666666666
new_1_98.mat,0.0
new_2_46.mat,0.38312916666666663
new_2_310.mat,0.3541041666666667
new_3_36.mat,0.06035
new_3_347.mat,0.11257207207207207
new_3_120.mat,0.09636666666666667
new_1_103.mat,0.3445875
new_3_22.mat,0.0195375
new_2_121.mat,0.2960090909090909
new_1_190.mat,0.37066666666666664
new_1_124.mat,0.34075
new_1_158.mat,0.34508333333333335
new_2_968.mat,0.3478375
new_2_388.mat,0.29331779661016955
new_2_553.mat,0.31715546218487395
new_2_33.mat,0.3400508474576271
new_2_674.mat,0.36775833333333335
new_3_590.mat,0.044449999999999996
new_3_389.mat,0.10459166666666667
new_2_576.mat,0.381925
new_2_562.mat,0.3765875
new_1_207.mat,0.3420757575757576
new_3_240.mat,0.04265833333333333
new_3_456.mat,0.10014166666666666
new_2_63.mat,0.3454330357142857
new_2_694.mat,0.36646249999999997
new_3_250.mat,0.101425
new_3_252.mat,0.10604166666666666
new_2_722.mat,0.37523749999999995
new_2_155.mat,0.34880416666666664
new_2_514.mat,0.33270588235294113
new_3_129.mat,0.04227083333333334
new_2_819.mat,0.379875
new_2_780.mat,0.36701666666666666
new_2_67.mat,0.32611261261261265
new_3_422.mat,0.10952500000000001
new_2_422.mat,0.3525791666666667
new_1_152.mat,0.321422077922078
new_2_543.mat,0.36832352941176466
new_2_1000.mat,0.35137068965517243
new_3_74.mat,0.06055
new_2_655.mat,0.3451291666666666
new_3_570.mat,0.10018333333333335
new_2_696.mat,0.3926625
new_2_637.mat,0.39115
new_2_791.mat,0.3640291666666667
new_2_257.mat,0.3401958333333333
new_2_380.mat,0.3796625
new_3_302.mat,0.11576666666666666
new_3_485.mat,0.10829583333333333
new_3_115.mat,0.08384166666666666
new_2_250.mat,0.3388916666666667
new_2_748.mat,0.3885708333333333
new_3_690.mat,0.06701666666666668
new_1_181.mat,0.3740166666666666
new_2_869.mat,0.33865126050420163
new_2_80.mat,0.3701375
new_2_990.mat,0.3411470588235294
new_3_650.mat,0.10185321100917431
new_2_512.mat,0.27130252100840335
new_2_745.mat,0.35084583333333336
new_2_486.mat,0.3415333333333333
new_2_941.mat,0.38355
new_3_622.mat,0.0496
new_2_70.mat,0.3663041666666666
new_2_234.mat,0.30763750000000006
new_2_163.mat,0.2931875
new_2_489.mat,0.33115
new_2_463.mat,0.3789416666666667
new_3_343.mat,0.06339830508474577
new_2_1.mat,0.32828205128205135
new_2_995.mat,0.3629375
new_1_52.mat,0.3490125
new_2_499.mat,0.0
new_2_416.mat,0.35809583333333334
new_2_753.mat,0.3534125000000001
new_2_943.mat,0.3355850000000001
new_2_124.mat,0.34320416666666664
new_3_349.mat,0.10482916666666668
new_2_857.mat,0.18380000000000002
new_3_423.mat,0.097575
new_2_497.mat,0.36036250000000003
new_2_972.mat,0.3737250000000001
new_2_42.mat,0.20042465753424657
new_1_109.mat,0.359325
new_3_509.mat,0.04499583333333333
new_2_946.mat,0.373775
new_3_473.mat,0.08194166666666668
new_3_355.mat,0.10001666666666667
new_2_949.mat,0.33148739495798324
new_2_750.mat,0.1955
new_3_556.mat,0.09125833333333334
new_2_610.mat,0.22759583333333336
new_1_130.mat,0.33361061946902654
new_1_4.mat,0.3441125
new_2_825.mat,0.36000416666666674
new_1_49.mat,0.3870964912280702
new_3_337.mat,0.09847916666666667
new_1_55.mat,0.3667458333333334
new_3_451.mat,0.0915875
new_1_78.mat,0.3624433962264151
new_2_208.mat,0.3901291666666667
new_2_278.mat,0.34580833333333333
new_2_126.mat,0.3450208333333334
new_2_503.mat,0.35361666666666663
new_3_685.mat,0.06609583333333333
new_2_372.mat,0.34436249999999996
new_2_736.mat,0.29761666666666664
new_3_404.mat,0.09817083333333333
new_2_828.mat,0.33627916666666663
new_3_295.mat,0.0441625
new_2_950.mat,0.3674868421052631
new_3_133.mat,0.08800833333333334
new_2_546.mat,0.37455
new_3_8.mat,0.052975
new_3_237.mat,0.09262083333333333
new_3_474.mat,0.11120416666666667
new_2_394.mat,0.36133333333333334
new_3_360.mat,0.057975000000000006
new_3_180.mat,0.07359166666666667
new_3_499.mat,0.05665833333333333
new_2_982.mat,0.3424375
new_2_898.mat,0.25242916666666665
new_2_658.mat,0.3446625
new_2_216.mat,0.3803
new_3_552.mat,0.09939166666666667
new_3_274.mat,0.0424
new_2_348.mat,0.3565333333333333
new_2_272.mat,0.32565000000000005
new_2_522.mat,0.27174999999999994
new_3_379.mat,0.04888333333333333
new_2_112.mat,0.3418083333333334
new_1_117.mat,0.38663333333333333
new_2_771.mat,0.36929831932773105
new_2_641.mat,0.3550125
new_3_386.mat,0.10035833333333333
new_2_618.mat,0.34284745762711855
new_2_536.mat,0.38127083333333334
new_3_179.mat,0.09434583333333334
new_2_23.mat,0.33251271186440673
new_2_811.mat,0.35699583333333335
new_3_424.mat,0.10950833333333335
new_2_1001.mat,0.2795612244897959
new_2_266.mat,0.3659125000000001
new_1_89.mat,0.34854166666666664
new_1_57.mat,0.4257931034482758
new_2_935.mat,0.3653076923076923
new_2_988.mat,0.2940041666666666
new_2_113.mat,0.3281958333333333
new_1_66.mat,0.37962499999999993
new_2_313.mat,0.3504791666666666
new_3_316.mat,0.11061666666666665
new_2_662.mat,0.3453833333333333
new_3_75.mat,0.09159166666666668
new_1_196.mat,0.3525416666666666
new_1_92.mat,0.3785847457627119
new_2_453.mat,0.33671982758620683
new_2_887.mat,0.37794583333333337
new_2_795.mat,0.39000416666666665
new_2_888.mat,0.373
new_3_50.mat,0.11929545454545455
new_1_12.mat,0.34813392857142855
new_3_311.mat,0.11254201680672268
new_3_613.mat,0.08121249999999999
new_3_123.mat,0.07807083333333334
new_3_59.mat,0.11674583333333333
new_2_363.mat,0.2953375
new_3_220.mat,0.11657916666666666
new_3_213.mat,0.10532500000000002
new_3_177.mat,0.11258750000000001
new_2_607.mat,0.335025
new_2_700.mat,0.3262541666666666
new_1_6.mat,0.37649166666666667
new_1_54.mat,0.3189041666666667
new_3_465.mat,0.11734166666666668
new_2_406.mat,0.35529583333333326
new_3_633.mat,0.08225416666666667
new_2_184.mat,0.3613166666666666
new_3_97.mat,0.08639999999999999
new_1_160.mat,0.35083749999999997
new_3_568.mat,0.08017916666666668
new_3_167.mat,0.10049583333333333
new_3_225.mat,0.10235833333333334
new_3_104.mat,0.09102083333333333
new_2_567.mat,0.35557916666666667
new_3_221.mat,0.1015625
new_2_186.mat,0.24021014492753623
new_2_764.mat,0.37485416666666665
new_2_253.mat,0.3546958333333333
new_2_980.mat,0.3390208333333334
new_2_685.mat,0.33300416666666666
new_2_386.mat,0.357775
new_3_186.mat,0.07300833333333334
new_3_549.mat,0.114125
new_2_651.mat,0.3419291666666666
new_2_726.mat,0.37485714285714283
new_3_140.mat,0.04895416666666666
new_3_253.mat,0.11738157894736843
new_2_940.mat,0.34523750000000003
new_1_167.mat,0.0
new_2_837.mat,0.35915833333333336
new_2_624.mat,0.3572083333333333
new_3_544.mat,0.0
new_3_116.mat,0.058420168067226885
new_3_511.mat,0.028995833333333335
new_2_506.mat,0.3584583333333333
new_2_424.mat,0.33381666666666665
new_3_210.mat,0.06584166666666666
new_1_171.mat,0.3091041666666666
new_2_788.mat,0.36567916666666667
new_1_27.mat,0.3390333333333333
new_3_619.mat,0.100375
new_2_391.mat,0.3380344827586208
new_2_12.mat,0.36480416666666665
new_3_624.mat,0.10408860759493672
new_3_314.mat,0.1062
new_3_79.mat,0.11334166666666666
new_3_401.mat,0.10760416666666668
new_2_565.mat,0.3800166666666666
new_2_340.mat,0.27869021739130434
new_2_479.mat,0.34017916666666664
new_2_687.mat,0.32432075471698113
new_2_190.mat,0.3546747572815534
new_2_564.mat,0.2786166666666666
new_3_659.mat,0.049232142857142856
new_3_628.mat,0.071925
new_2_28.mat,0.3724
new_2_387.mat,0.3338541666666667
new_2_332.mat,0.3349621848739495
new_2_159.mat,0.3671504424778761
new_2_291.mat,0.3632916666666667
new_2_433.mat,0.0
new_2_931.mat,0.3079051724137931
new_2_919.mat,0.33946521739130436
new_2_297.mat,0.3214913793103449
new_2_815.mat,0.35001666666666664
new_2_468.mat,0.3728583333333333
new_3_597.mat,0.04125
new_3_259.mat,0.10053749999999999
new_3_345.mat,0.04832083333333334
new_3_266.mat,0.0869875
new_2_719.mat,0.27181666666666665
new_3_154.mat,0.1016625
new_2_139.mat,0.354347619047619
new_2_613.mat,0.37768333333333337
new_3_290.mat,0.07352916666666666
new_3_24.mat,0.07955833333333334
new_3_637.mat,0.08495
new_2_444.mat,0.3724625
new_3_17.mat,0.04319166666666666
new_3_278.mat,0.053933333333333326
new_2_513.mat,0.38521666666666665
new_2_799.mat,0.26437499999999997
new_3_528.mat,0.09424583333333333
new_1_48.mat,0.3412875
new_2_18.mat,0.36941250000000003
new_2_874.mat,0.38310416666666663
new_2_884.mat,0.3466610169491524
new_2_734.mat,0.22597083333333334
new_3_344.mat,0.07745833333333335
new_3_68.mat,0.10345833333333333
new_2_85.mat,0.34475213675213673
new_2_361.mat,0.3672583333333333
new_2_398.mat,0.2517330508474576
new_3_42.mat,0.03495000000000001
new_2_906.mat,0.34951250000000006
new_2_690.mat,0.37553333333333333
new_3_412.mat,0.10365416666666667
new_2_130.mat,0.31538118811881183
new_3_500.mat,0.10194166666666667
new_2_638.mat,0.384375
new_1_161.mat,0.33440416666666667
new_3_85.mat,0.05610833333333333
new_2_428.mat,0.2407375
new_2_445.mat,0.3226833333333333
new_2_252.mat,0.3423625
new_1_210.mat,0.35126666666666667
new_2_955.mat,0.36642500000000006
new_3_654.mat,0.09732500000000001
new_3_18.mat,0.06832083333333334
new_3_658.mat,0.10412083333333336
new_2_115.mat,0.3738458333333333
new_3_26.mat,0.06548333333333332
new_3_605.mat,0.126025
new_2_861.mat,0.2545758928571428
new_3_526.mat,0.09267672413793104
new_3_238.mat,0.045983333333333334
new_1_33.mat,0.33421249999999997
new_2_974.mat,0.30626666666666663
new_3_187.mat,0.03152916666666667
new_2_652.mat,0.3467708333333333
new_1_77.mat,0.3112791666666667
new_1_113.mat,0.3763458333333334
new_2_236.mat,0.32184583333333333
new_3_592.mat,0.10150833333333334
new_3_94.mat,0.1039125
new_2_97.mat,0.32584166666666664
new_2_469.mat,0.36603636363636366
new_3_163.mat,0.037024999999999995
new_3_606.mat,0.10257916666666667
new_1_154.mat,0.3530583333333333
new_2_680.mat,0.31508749999999996
new_2_586.mat,0.31008490566037744
new_3_6.mat,0.06880416666666668
new_3_312.mat,0.026725
new_2_572.mat,0.3711041666666667
new_2_756.mat,0.3533625
new_2_347.mat,0.31505
new_3_299.mat,0.10262184873949581
new_2_319.mat,0.368
new_3_39.mat,0.09904583333333332
new_1_110.mat,0.3405583333333333
new_3_192.mat,0.02584583333333334
new_3_166.mat,0.09955
new_1_138.mat,0.34288613861386136
new_3_136.mat,0.020975000000000008
new_3_538.mat,0.04346666666666667
new_3_182.mat,0.0850625
new_2_909.mat,0.2232375
new_3_581.mat,0.0816875
new_2_323.mat,0.3128125
new_2_729.mat,0.3655208333333333
new_2_892.mat,0.23081176470588236
new_2_991.mat,0.36789999999999995
new_2_782.mat,0.2963214285714285
new_2_524.mat,0.35671249999999993
new_1_173.mat,0.3529875
new_2_295.mat,0.3518375
new_3_425.mat,0.11825833333333333
new_3_25.mat,0.04737916666666666
new_1_84.mat,0.43294
new_2_790.mat,0.3703666666666667
new_1_176.mat,0.375
new_2_759.mat,0.3167629310344828
new_2_718.mat,0.347963963963964
new_3_118.mat,0.14756603773584906
new_2_283.mat,0.3296724137931034
new_2_273.mat,0.3062020202020202
new_2_868.mat,0.35008333333333336
new_1_116.mat,0.3344684684684685
new_2_864.mat,0.2964067796610171
new_3_44.mat,0.08260833333333334
new_2_360.mat,0.3130283018867924
new_2_963.mat,0.3274139784946236
new_2_670.mat,0.2964907407407407
new_2_151.mat,0.36128750000000004
new_2_897.mat,0.30766055045871565
new_2_620.mat,0.37344827586206897
new_3_208.mat,0.10593333333333334
new_3_78.mat,0.03727500000000001
new_2_202.mat,0.2660271739130435
new_2_191.mat,0.3762958333333334
new_3_106.mat,0.08947083333333333
new_1_20.mat,0.0
new_2_571.mat,0.3272666666666667
new_2_493.mat,0.35673333333333335
new_3_215.mat,0.09675416666666665
new_3_575.mat,0.10630833333333335
new_3_437.mat,0.038075000000000005
new_3_315.mat,0.09343333333333333
new_2_264.mat,0.32617083333333335
new_2_476.mat,0.25304000000000004
new_2_775.mat,0.38515833333333327
new_2_930.mat,0.34922916666666665
new_2_663.mat,0.36266666666666664
new_3_640.mat,0.1208578431372549
new_3_152.mat,0.10786666666666665
new_2_197.mat,0.319575
new_3_397.mat,0.10380416666666666
new_3_84.mat,0.08700416666666667
new_2_79.mat,0.3438125000000001
new_3_207.mat,0.05689166666666667
new_2_590.mat,0.3467
new_1_194.mat,0.3423166666666667
new_2_647.mat,0.33936521739130443
new_2_878.mat,0.37220833333333336
new_2_274.mat,0.166925
new_3_634.mat,0.04954583333333333
new_2_912.mat,0.3540898876404494
new_1_35.mat,0.35542083333333335
new_2_399.mat,0.3280291666666667
new_2_368.mat,0.34480000000000005
new_2_907.mat,0.359375
new_2_627.mat,0.30438888888888893
new_2_392.mat,0.17567083333333333
new_2_609.mat,0.3080758928571428
new_3_183.mat,0.10651666666666666
new_3_313.mat,0.03590416666666667
new_2_595.mat,0.2584285714285714
new_2_665.mat,0.37879583333333333
new_3_58.mat,0.06552521008403361
new_1_104.mat,0.37958333333333333
new_2_557.mat,0.337275
new_2_248.mat,0.36747916666666663
new_2_556.mat,0.32972916666666663
new_3_419.mat,0.07965416666666666
new_2_161.mat,0.3650041666666667
new_2_93.mat,0.35095416666666673
new_2_781.mat,0.3510375
new_2_783.mat,0.3575294117647058
new_2_858.mat,0.3823416666666667
new_1_106.mat,0.3254041666666667
new_3_376.mat,0.08763750000000001
new_3_327.mat,0.10339166666666667
new_2_132.mat,0.36053846153846153
new_2_167.mat,0.37619583333333334
new_2_625.mat,0.22814583333333335
new_3_38.mat,0.12190416666666667
new_3_378.mat,0.04483333333333333
new_2_999.mat,0.3493916666666667
new_3_32.mat,0.09842916666666665
new_2_812.mat,0.31865168539325844
new_2_925.mat,0.38507083333333336
new_3_150.mat,0.06644166666666666
new_1_183.mat,0.3207222222222222
new_3_346.mat,0.0980215517241379
new_3_15.mat,0.107575
new_1_68.mat,0.33402499999999996
new_2_603.mat,0.3780291666666667
new_3_510.mat,0.10890000000000001
new_2_846.mat,0.3415098039215686
new_3_130.mat,0.1090875
new_3_527.mat,0.10379999999999999
new_3_322.mat,0.12034583333333333
new_3_146.mat,0.10093333333333333
new_3_320.mat,0.049529166666666666
new_3_443.mat,0.10624166666666665
new_3_71.mat,0.06123750000000001
new_2_296.mat,0.31236868686868685
new_2_358.mat,0.2721218487394958
new_2_849.mat,0.3618416666666667
new_1_75.mat,0.3420125
new_1_215.mat,0.3730625
new_2_92.mat,0.3653541666666667
new_2_128.mat,0.34945
new_2_37.mat,0.3775625
new_1_9.mat,0.356875
new_1_172.mat,0.31332499999999996
new_3_257.mat,0.10408333333333332
new_2_934.mat,0.35044583333333335
new_2_602.mat,0.3185291666666667
new_3_444.mat,0.10189166666666667
new_2_374.mat,0.3433478260869565
new_2_338.mat,0.3286
new_3_198.mat,0.09860833333333334
new_3_368.mat,0.10403333333333335
new_2_61.mat,0.33052916666666665
new_3_323.mat,0.02648333333333334
new_3_176.mat,0.02802916666666667
new_3_394.mat,0.05732083333333334
new_2_970.mat,0.3482375
new_2_938.mat,0.2945990099009901
new_3_173.mat,0.05310833333333334
new_3_449.mat,0.1150875
new_3_155.mat,0.08860000000000001
new_2_816.mat,0.29665833333333336
new_3_203.mat,0.048775
new_2_959.mat,0.24509999999999998
new_3_162.mat,0.048020833333333325
new_2_106.mat,0.17507916666666662
new_2_885.mat,0.35639130434782607
new_2_545.mat,0.3658529411764706
new_3_204.mat,0.07944583333333334
new_3_466.mat,0.10942083333333334
new_2_271.mat,0.34482432432432425
new_3_426.mat,0.10370833333333333
new_3_292.mat,0.12135000000000001
new_2_100.mat,0.36359583333333334
new_2_727.mat,0.37997083333333337
new_1_188.mat,0.34017021276595744
new_2_133.mat,0.37291250000000004
new_2_632.mat,0.3485677966101695
new_2_904.mat,0.3686291666666667
new_2_90.mat,0.3468083333333334
new_2_379.mat,0.3324541666666666
new_2_677.mat,0.2661041666666667
new_3_242.mat,0.09540833333333333
new_2_809.mat,0.3034208333333333
new_3_450.mat,0.09752083333333332
new_2_294.mat,0.38061666666666666
new_2_393.mat,0.3562
new_2_352.mat,0.348725
new_1_163.mat,0.35563333333333336
new_3_477.mat,0.0858
new_2_417.mat,0.3526375
new_2_423.mat,0.36190322580645157
new_2_713.mat,0.21553333333333333
new_2_656.mat,0.259801282051282
new_1_111.mat,0.3554744897959183
new_2_375.mat,0.3648916666666667
new_2_218.mat,0.31315425531914887
new_3_333.mat,0.044470833333333334
new_3_555.mat,0.045762500000000005
new_3_435.mat,0.06355416666666666
new_3_196.mat,0.09251666666666666
new_3_399.mat,0.04404583333333334
new_2_773.mat,0.3892416666666667
new_3_243.mat,0.03267083333333333
new_2_175.mat,0.3652208333333334
new_3_247.mat,0.11067916666666666
new_2_378.mat,0.29584166666666667
new_2_480.mat,0.293075
new_2_789.mat,0.36542083333333336
new_3_205.mat,0.041100000000000005
new_2_555.mat,0.19575833333333334
new_1_180.mat,0.34875833333333334
new_2_341.mat,0.32652100840336135
new_3_445.mat,0.1289194915254237
new_2_765.mat,0.37473333333333336
new_3_588.mat,0.0799875
new_3_147.mat,0.0961
new_2_870.mat,0.3184017094017095
new_2_539.mat,0.30820000000000003
new_2_359.mat,0.19155263157894736
new_2_150.mat,0.3540127118644068
new_2_939.mat,0.32049999999999995
new_3_663.mat,0.0858
new_1_56.mat,0.3401125
new_3_336.mat,0.10496250000000001
new_3_532.mat,0.09294166666666669
new_2_108.mat,0.2824411764705882
new_2_326.mat,0.33731034482758615
new_2_104.mat,0.3266324786324786
new_3_289.mat,0.0938388888888889
new_1_144.mat,0.38817083333333335
new_2_505.mat,0.3769666666666666
new_1_87.mat,0.3448
new_2_279.mat,0.31769491525423726
new_3_454.mat,0.08035416666666666
new_2_160.mat,0.3186788990825688
new_3_65.mat,0.09088333333333334
new_2_219.mat,0.3567541666666667
new_1_19.mat,0.33250416666666666
new_3_100.mat,0.0606125
new_3_503.mat,0.06465416666666667
new_3_614.mat,0.13175833333333334
new_1_42.mat,0.3717843137254901
new_2_797.mat,0.35575416666666665
new_2_312.mat,0.3584791666666666
new_3_501.mat,0.09099583333333333
new_3_615.mat,0.10072083333333334
new_2_54.mat,0.34271250000000003
new_2_587.mat,0.1606708333333333
new_2_29.mat,0.3311625000000001
new_3_304.mat,0.09305416666666666
new_3_134.mat,0.1698125
new_2_889.mat,0.3911291666666667
new_3_497.mat,0.11722083333333333
new_2_640.mat,0.3136991525423729
new_2_814.mat,0.2421105769230769
new_1_82.mat,0.3308708333333334
new_3_647.mat,0.020050000000000005
new_3_308.mat,0.045212499999999996
new_2_646.mat,0.3216848739495798
new_2_211.mat,0.31047457627118646
new_1_125.mat,0.3449375
new_2_95.mat,0.34452040816326535
new_2_664.mat,0.28537083333333335
new_2_936.mat,0.28423626373626376
new_2_519.mat,0.36690833333333334
new_2_446.mat,0.3587208333333333
new_3_557.mat,0.04965
new_3_489.mat,0.0998375
new_1_63.mat,0.34104455445544557
new_2_27.mat,0.34867916666666665
new_2_105.mat,0.3634666666666667
new_2_176.mat,0.23623584905660375
new_3_463.mat,0.10451666666666666
new_1_46.mat,0.37166666666666665
new_2_689.mat,0.32588793103448277
new_3_476.mat,0.1261971153846154
new_1_18.mat,0.0
new_3_494.mat,0.078975
new_2_843.mat,0.3234264705882352
new_2_277.mat,0.34570762711864406
new_3_91.mat,0.10359583333333333
new_2_973.mat,0.36178750000000004
new_3_571.mat,0.0832375
new_1_114.mat,0.34264795918367336
new_2_684.mat,0.3673958333333333
new_2_822.mat,0.32182916666666667
new_2_805.mat,0.30507327586206895
new_2_35.mat,0.33435
new_3_403.mat,0.0382375
new_2_739.mat,0.3215438596491228
new_2_723.mat,0.3011214953271028
new_1_185.mat,0.3436208333333333
new_2_49.mat,0.34847794117647063
new_3_504.mat,0.18864999999999998
new_2_60.mat,0.3342291666666667
new_2_122.mat,0.30885321100917423
new_2_76.mat,0.35248333333333337
new_3_507.mat,0.17762000000000003
new_3_626.mat,0.11361666666666667
new_3_41.mat,0.07388750000000001
new_3_114.mat,0.05650000000000001
new_3_396.mat,0.09160833333333332
new_3_57.mat,0.07775
new_2_901.mat,0.3836333333333333
new_2_135.mat,0.33970416666666664
new_2_803.mat,0.2752208333333333
new_2_873.mat,0.21357083333333335
new_3_377.mat,0.10734166666666667
new_2_584.mat,0.37213749999999995
new_2_351.mat,0.3265126050420168
new_3_49.mat,0.08582916666666666
new_3_531.mat,0.1121125
